id,user_id,lang,status,created_at,unique_at
12,8399715365,uz,passive,2026-03-08 08:27:09.775586,2026-03-08 08:27:09.775586
49,1231840904,uz,active,2026-03-09 00:36:08.778853,2026-03-09 00:36:08.778853
3,8561778696,uz-Cyrl,active,2026-03-07 16:04:24.043254,2026-03-07 16:04:24.043254
4,1062722166,uz,active,2026-03-07 16:48:52.966923,2026-03-07 16:48:52.966923
2,605694456,uz,active,2026-03-07 13:03:22.223005,2026-03-07 13:03:22.223005
5,803159417,uz,active,2026-03-07 20:14:37.447461,2026-03-07 20:14:37.447461
6,7676310495,uz,active,2026-03-08 08:17:31.794264,2026-03-08 08:17:31.794264
8,1025608039,uz-Cyrl,active,2026-03-08 08:19:00.755957,2026-03-08 08:19:00.755957
7,8200806708,uz,active,2026-03-08 08:19:00.556883,2026-03-08 08:19:00.556883
9,8310650990,uz,active,2026-03-08 08:20:37.349394,2026-03-08 08:20:37.349394
10,5289356144,uz,active,2026-03-08 08:22:44.001212,2026-03-08 08:22:44.001212
71,8611033148,uz,active,2026-03-10 13:37:34.304374,2026-03-10 13:37:34.304374
11,644392336,uz,passive,2026-03-08 08:24:31.809511,2026-03-08 08:24:31.809511
19,991008721,uz,passive,2026-03-08 08:59:47.501376,2026-03-08 08:59:47.501376
14,349643720,uz,passive,2026-03-08 08:35:23.064281,2026-03-08 08:35:23.064281
69,8367719190,uz,passive,2026-03-10 13:37:19.388258,2026-03-10 13:37:19.388258
15,5731144824,uz-Cyrl,active,2026-03-08 08:44:12.107006,2026-03-08 08:44:12.107006
66,8328818959,uz,passive,2026-03-10 13:31:14.677208,2026-03-10 13:31:14.677208
17,928775776,uz,active,2026-03-08 08:49:13.652625,2026-03-08 08:49:13.652625
18,856630582,uz-Cyrl,active,2026-03-08 08:50:21.454788,2026-03-08 08:50:21.454788
39,1333938586,uz,passive,2026-03-08 14:58:18.245071,2026-03-08 14:58:18.245071
20,1134275066,uz,active,2026-03-08 09:03:22.299074,2026-03-08 09:03:22.299074
21,6604971541,uz,active,2026-03-08 09:12:23.874728,2026-03-08 09:12:23.874728
22,6706772645,uz,active,2026-03-08 09:17:55.551274,2026-03-08 09:17:55.551274
23,8498350208,ru,active,2026-03-08 09:19:37.081915,2026-03-08 09:19:37.081915
24,1922936243,uz,active,2026-03-08 09:26:42.550479,2026-03-08 09:26:42.550479
25,5619341471,uz-Cyrl,active,2026-03-08 09:39:22.985823,2026-03-08 09:39:22.985823
26,1370574137,uz,active,2026-03-08 09:43:20.925431,2026-03-08 09:43:20.925431
27,7874621818,uz,active,2026-03-08 09:52:02.644801,2026-03-08 09:52:02.644801
28,5996904303,uz,active,2026-03-08 10:04:25.755042,2026-03-08 10:04:25.755042
1,7286556487,uz,passive,2026-03-06 16:46:54.184278,2026-03-06 16:46:54.184278
30,1069172832,uz,active,2026-03-08 10:33:13.749044,2026-03-08 10:33:13.749044
13,6496352089,uz,passive,2026-03-08 08:29:55.417588,2026-03-08 08:29:55.417588
32,6987543259,uz,active,2026-03-08 10:51:40.529769,2026-03-08 10:51:40.529769
50,6683835693,uz,passive,2026-03-09 01:53:20.348914,2026-03-09 01:53:20.348914
34,1897678856,uz,active,2026-03-08 12:15:37.434057,2026-03-08 12:15:37.434057
35,5551372386,uz,active,2026-03-08 12:21:23.485391,2026-03-08 12:21:23.485391
36,1907271981,uz,active,2026-03-08 12:28:55.600664,2026-03-08 12:28:55.600664
37,6905517572,uz,active,2026-03-08 12:50:09.042565,2026-03-08 12:50:09.042565
40,8320046939,uz,active,2026-03-08 15:07:28.872208,2026-03-08 15:07:28.872208
41,7396553456,uz,active,2026-03-08 15:23:24.050056,2026-03-08 15:23:24.050056
42,1051183264,uz,active,2026-03-08 15:33:13.740333,2026-03-08 15:33:13.740333
43,1399540963,uz,active,2026-03-08 16:45:19.462827,2026-03-08 16:45:19.462827
33,7286999605,uz,passive,2026-03-08 11:30:52.359892,2026-03-08 11:30:52.359892
44,6391573995,uz,active,2026-03-08 19:38:12.63655,2026-03-08 19:38:12.63655
45,5420547861,uz,active,2026-03-08 20:09:46.263537,2026-03-08 20:09:46.263537
47,1331730780,uz,active,2026-03-08 22:53:14.090729,2026-03-08 22:53:14.090729
46,260060298,uz,passive,2026-03-08 21:49:28.034455,2026-03-08 21:49:28.034455
56,8266524355,uz,passive,2026-03-09 08:45:21.380046,2026-03-09 08:45:21.380046
52,594857261,uz,active,2026-03-09 04:26:41.774189,2026-03-09 04:26:41.774189
53,868594834,uz,active,2026-03-09 04:43:18.261766,2026-03-09 04:43:18.261766
54,5666838554,uz,active,2026-03-09 06:44:36.086858,2026-03-09 06:44:36.086858
55,5386821184,uz,active,2026-03-09 08:45:05.625512,2026-03-09 08:45:05.625512
48,6242511471,uz,active,2026-03-09 00:04:21.361053,2026-03-09 00:04:21.361053
57,1313385342,uz,passive,2026-03-09 15:07:06.056223,2026-03-09 15:07:06.056223
58,7583247571,uz,active,2026-03-10 03:05:09.543955,2026-03-10 03:05:09.543955
59,6495283689,uz,active,2026-03-10 04:48:17.875735,2026-03-10 04:48:17.875735
16,5757672144,uz,passive,2026-03-08 08:45:16.216107,2026-03-08 08:45:16.216107
51,342639636,uz,passive,2026-03-09 02:30:05.493445,2026-03-09 02:30:05.493445
63,7990015445,uz-Cyrl,active,2026-03-10 13:27:34.487101,2026-03-10 13:27:34.487101
64,7986995703,uz,active,2026-03-10 13:28:48.013111,2026-03-10 13:28:48.013111
65,5492556860,uz,active,2026-03-10 13:29:15.578463,2026-03-10 13:29:15.578463
75,5795159024,uz,passive,2026-03-10 13:45:28.102383,2026-03-10 13:45:28.102383
67,7940172032,uz,active,2026-03-10 13:31:33.204216,2026-03-10 13:31:33.204216
72,890985096,uz,active,2026-03-10 13:40:29.148781,2026-03-10 13:40:29.148781
68,8370387364,uz-Cyrl,active,2026-03-10 13:33:10.396578,2026-03-10 13:33:10.396578
70,5736289081,uz,active,2026-03-10 13:37:19.875309,2026-03-10 13:37:19.875309
89,8076107509,uz,passive,2026-03-10 14:32:33.94198,2026-03-10 14:32:33.94198
74,810185658,uz,active,2026-03-10 13:43:31.714196,2026-03-10 13:43:31.714196
29,1878943331,uz,passive,2026-03-08 10:30:00.081896,2026-03-08 10:30:00.081896
76,7420596149,uz,active,2026-03-10 13:50:39.579821,2026-03-10 13:50:39.579821
86,7528851711,uz-Cyrl,passive,2026-03-10 14:18:21.437164,2026-03-10 14:18:21.437164
78,8055172923,uz-Cyrl,active,2026-03-10 13:59:56.026497,2026-03-10 13:59:56.026497
79,7578970999,uz,active,2026-03-10 14:01:02.648768,2026-03-10 14:01:02.648768
80,5200592780,uz,active,2026-03-10 14:01:43.992382,2026-03-10 14:01:43.992382
81,8520915951,uz,active,2026-03-10 14:02:26.162342,2026-03-10 14:02:26.162342
82,8168704842,uz,active,2026-03-10 14:03:17.53538,2026-03-10 14:03:17.53538
83,8439827661,uz,active,2026-03-10 14:10:01.481196,2026-03-10 14:10:01.481196
84,930783021,uz,active,2026-03-10 14:10:14.943335,2026-03-10 14:10:14.943335
85,8540613382,uz,active,2026-03-10 14:13:14.502097,2026-03-10 14:13:14.502097
100,8519595486,uz,passive,2026-03-10 14:58:25.680946,2026-03-10 14:58:25.680946
87,6594670139,uz,active,2026-03-10 14:20:08.159766,2026-03-10 14:20:08.159766
88,8263761162,uz,active,2026-03-10 14:30:03.739506,2026-03-10 14:30:03.739506
77,6226605256,uz-Cyrl,passive,2026-03-10 13:56:55.753165,2026-03-10 13:56:55.753165
38,5663063389,uz,passive,2026-03-08 14:52:15.870228,2026-03-08 14:52:15.870228
91,6293668056,uz,active,2026-03-10 14:33:08.101597,2026-03-10 14:33:08.101597
92,5978825221,uz-Cyrl,active,2026-03-10 14:35:09.9671,2026-03-10 14:35:09.9671
94,8004836931,uz,active,2026-03-10 14:38:15.783963,2026-03-10 14:38:15.783963
93,1350174236,uz,passive,2026-03-10 14:38:15.62158,2026-03-10 14:38:15.62158
95,5798227964,uz,active,2026-03-10 14:40:56.35866,2026-03-10 14:40:56.35866
96,171210440,uz,active,2026-03-10 14:41:22.890384,2026-03-10 14:41:22.890384
97,8341384608,uz-Cyrl,active,2026-03-10 14:42:28.333008,2026-03-10 14:42:28.333008
98,7612508265,uz,active,2026-03-10 14:44:46.865312,2026-03-10 14:44:46.865312
99,6269090919,uz-Cyrl,active,2026-03-10 14:57:10.775059,2026-03-10 14:57:10.775059
90,8153709483,uz-Cyrl,passive,2026-03-10 14:32:48.270888,2026-03-10 14:32:48.270888
101,6164699147,uz-Cyrl,active,2026-03-10 15:04:51.886971,2026-03-10 15:04:51.886971
62,8183847625,uz,passive,2026-03-10 13:25:28.559022,2026-03-10 13:25:28.559022
73,8540939858,uz-Cyrl,passive,2026-03-10 13:41:43.922281,2026-03-10 13:41:43.922281
61,7572276327,uz,passive,2026-03-10 13:25:00.141859,2026-03-10 13:25:00.141859
103,6489364078,uz,active,2026-03-10 15:09:24.095579,2026-03-10 15:09:24.095579
104,7126386374,uz-Cyrl,active,2026-03-10 15:14:16.312096,2026-03-10 15:14:16.312096
136,7999520332,uz,passive,2026-03-11 00:07:44.173772,2026-03-11 00:07:44.173772
107,5409441856,uz,active,2026-03-10 15:29:44.308788,2026-03-10 15:29:44.308788
108,5132559219,uz-Cyrl,active,2026-03-10 15:35:57.791253,2026-03-10 15:35:57.791253
109,8395169106,uz-Cyrl,active,2026-03-10 15:42:43.37187,2026-03-10 15:42:43.37187
110,2019918416,uz,active,2026-03-10 15:48:19.776825,2026-03-10 15:48:19.776825
111,5635723732,uz,active,2026-03-10 15:58:27.091921,2026-03-10 15:58:27.091921
117,587652257,uz-Cyrl,passive,2026-03-10 16:28:17.916518,2026-03-10 16:28:17.916518
113,6795212949,uz,active,2026-03-10 16:01:24.722623,2026-03-10 16:01:24.722623
114,7853432137,uz-Cyrl,active,2026-03-10 16:11:14.736292,2026-03-10 16:11:14.736292
112,8479563694,uz,passive,2026-03-10 15:59:25.322872,2026-03-10 15:59:25.322872
116,5587774440,uz,active,2026-03-10 16:22:27.686955,2026-03-10 16:22:27.686955
176,6216400131,uz,passive,2026-03-11 15:16:55.232368,2026-03-11 15:16:55.232368
118,5346923629,uz,active,2026-03-10 16:45:15.984407,2026-03-10 16:45:15.984407
119,1210620578,uz,active,2026-03-10 16:50:16.244388,2026-03-10 16:50:16.244388
120,8533217730,uz-Cyrl,active,2026-03-10 17:42:45.488332,2026-03-10 17:42:45.488332
121,8258869403,uz-Cyrl,active,2026-03-10 17:43:15.022402,2026-03-10 17:43:15.022402
180,8508750970,uz,passive,2026-03-11 17:35:51.232443,2026-03-11 17:35:51.232443
123,6571802221,uz,active,2026-03-10 17:44:08.642178,2026-03-10 17:44:08.642178
124,8144983288,uz-Cyrl,active,2026-03-10 17:46:47.548685,2026-03-10 17:46:47.548685
125,8199427995,uz-Cyrl,active,2026-03-10 17:55:12.315258,2026-03-10 17:55:12.315258
126,8565299413,uz,active,2026-03-10 18:13:00.434861,2026-03-10 18:13:00.434861
142,8428418563,uz,passive,2026-03-11 01:04:55.612628,2026-03-11 01:04:55.612628
115,8580280697,uz,passive,2026-03-10 16:14:35.50566,2026-03-10 16:14:35.50566
128,8110853938,uz-Cyrl,active,2026-03-10 18:45:28.902102,2026-03-10 18:45:28.902102
200,6227606422,uz,passive,2026-03-12 06:34:33.497589,2026-03-12 06:34:33.497589
130,2133693525,uz,active,2026-03-10 18:56:34.511652,2026-03-10 18:56:34.511652
131,203072680,uz,active,2026-03-10 18:57:18.552177,2026-03-10 18:57:18.552177
132,8019972455,uz,active,2026-03-10 19:07:59.849454,2026-03-10 19:07:59.849454
162,6066800615,uz,passive,2026-03-11 07:14:39.606888,2026-03-11 07:14:39.606888
134,7077212561,uz,active,2026-03-10 19:46:04.92851,2026-03-10 19:46:04.92851
150,7152287138,uz-Cyrl,passive,2026-03-11 04:12:49.652132,2026-03-11 04:12:49.652132
175,8406697915,uz-Cyrl,passive,2026-03-11 14:06:53.49546,2026-03-11 14:06:53.49546
137,7409309661,uz,active,2026-03-11 00:21:00.704766,2026-03-11 00:21:00.704766
185,7765617647,uz-Cyrl,passive,2026-03-12 00:25:49.809637,2026-03-12 00:25:49.809637
140,7325337351,uz,active,2026-03-11 00:41:59.556053,2026-03-11 00:41:59.556053
141,7783146335,uz,passive,2026-03-11 00:52:57.335875,2026-03-11 00:52:57.335875
169,876024432,uz,active,2026-03-11 11:01:28.086766,2026-03-11 11:01:28.086766
143,5096907132,uz,active,2026-03-11 01:23:03.8361,2026-03-11 01:23:03.8361
144,5068721920,uz-Cyrl,active,2026-03-11 02:07:14.620789,2026-03-11 02:07:14.620789
145,7123092702,uz,active,2026-03-11 02:47:12.576884,2026-03-11 02:47:12.576884
146,8105012505,uz,active,2026-03-11 03:58:17.854222,2026-03-11 03:58:17.854222
147,470079437,uz,active,2026-03-11 03:59:51.062045,2026-03-11 03:59:51.062045
148,6788720535,uz,active,2026-03-11 03:59:54.898532,2026-03-11 03:59:54.898532
149,2101001802,uz-Cyrl,active,2026-03-11 04:01:10.996384,2026-03-11 04:01:10.996384
151,6275893552,uz,active,2026-03-11 04:22:22.95897,2026-03-11 04:22:22.95897
152,6783504466,uz-Cyrl,active,2026-03-11 04:53:55.66371,2026-03-11 04:53:55.66371
153,5737963208,uz,active,2026-03-11 04:59:42.318831,2026-03-11 04:59:42.318831
201,7595783690,uz,active,2026-03-12 06:36:00.595055,2026-03-12 06:36:00.595055
102,8677791389,uz-Cyrl,passive,2026-03-10 15:06:41.762334,2026-03-10 15:06:41.762334
155,929437275,uz,active,2026-03-11 05:28:34.160688,2026-03-11 05:28:34.160688
157,7662524106,uz,active,2026-03-11 05:33:28.837414,2026-03-11 05:33:28.837414
158,8533295555,uz,active,2026-03-11 05:54:28.071511,2026-03-11 05:54:28.071511
159,7929019014,uz-Cyrl,active,2026-03-11 06:09:52.006278,2026-03-11 06:09:52.006278
160,1211694618,uz,active,2026-03-11 06:37:15.779992,2026-03-11 06:37:15.779992
161,6441243176,uz,active,2026-03-11 06:54:56.801114,2026-03-11 06:54:56.801114
163,8273120609,uz,active,2026-03-11 07:16:23.637994,2026-03-11 07:16:23.637994
164,6419463641,uz,active,2026-03-11 07:41:55.229228,2026-03-11 07:41:55.229228
165,499280417,uz,active,2026-03-11 08:43:51.05168,2026-03-11 08:43:51.05168
166,6344617868,uz,active,2026-03-11 09:57:12.686246,2026-03-11 09:57:12.686246
167,1350845588,uz,active,2026-03-11 10:30:13.449529,2026-03-11 10:30:13.449529
168,8254927645,uz,active,2026-03-11 10:44:14.906639,2026-03-11 10:44:14.906639
195,5140493431,uz,active,2026-03-12 06:21:15.485152,2026-03-12 06:21:15.485152
170,7248933200,uz-Cyrl,active,2026-03-11 11:22:46.919247,2026-03-11 11:22:46.919247
171,1182877485,uz,active,2026-03-11 12:02:51.132488,2026-03-11 12:02:51.132488
172,5974955669,uz,active,2026-03-11 12:10:49.264477,2026-03-11 12:10:49.264477
174,1923838793,uz,active,2026-03-11 12:25:34.890804,2026-03-11 12:25:34.890804
196,7147829777,uz,passive,2026-03-12 06:23:39.599388,2026-03-12 06:23:39.599388
178,8552658178,uz,active,2026-03-11 16:13:35.781317,2026-03-11 16:13:35.781317
179,6938227249,uz,active,2026-03-11 17:25:44.634321,2026-03-11 17:25:44.634321
181,465875934,uz-Cyrl,active,2026-03-11 17:39:46.593624,2026-03-11 17:39:46.593624
182,2077920015,uz,active,2026-03-11 17:41:12.075777,2026-03-11 17:41:12.075777
138,6652607838,uz,passive,2026-03-11 00:32:33.153485,2026-03-11 00:32:33.153485
106,8585858677,uz,passive,2026-03-10 15:28:44.26311,2026-03-10 15:28:44.26311
183,7957001463,uz,active,2026-03-11 22:44:56.522009,2026-03-11 22:44:56.522009
188,8592020049,uz-Cyrl,active,2026-03-12 01:43:21.070564,2026-03-12 01:43:21.070564
184,1658590699,uz,passive,2026-03-11 23:44:48.377628,2026-03-11 23:44:48.377628
186,6988626496,uz,active,2026-03-12 00:59:35.882182,2026-03-12 00:59:35.882182
187,7649875925,uz,passive,2026-03-12 01:41:35.421817,2026-03-12 01:41:35.421817
189,200177075,uz,active,2026-03-12 01:57:28.58212,2026-03-12 01:57:28.58212
190,7755242823,uz,active,2026-03-12 02:19:35.294864,2026-03-12 02:19:35.294864
191,6257335116,uz,active,2026-03-12 03:10:35.185855,2026-03-12 03:10:35.185855
192,7269904348,uz,active,2026-03-12 03:48:36.690184,2026-03-12 03:48:36.690184
193,8774021423,uz-Cyrl,active,2026-03-12 04:51:06.871196,2026-03-12 04:51:06.871196
194,6538597463,uz,active,2026-03-12 05:10:57.05831,2026-03-12 05:10:57.05831
105,8584240923,uz,passive,2026-03-10 15:16:55.489816,2026-03-10 15:16:55.489816
197,8364747504,ru,active,2026-03-12 06:27:58.536418,2026-03-12 06:27:58.536418
198,7718063646,uz,active,2026-03-12 06:33:38.893338,2026-03-12 06:33:38.893338
202,1942739449,uz,passive,2026-03-12 06:39:23.553955,2026-03-12 06:39:23.553955
177,7226291471,uz,passive,2026-03-11 15:40:44.232275,2026-03-11 15:40:44.232275
199,1759938108,uz,passive,2026-03-12 06:34:11.350473,2026-03-12 06:34:11.350473
173,1179542896,uz,passive,2026-03-11 12:11:50.875534,2026-03-11 12:11:50.875534
122,7613905020,uz,passive,2026-03-10 17:43:55.524788,2026-03-10 17:43:55.524788
203,6375259770,uz,active,2026-03-12 06:40:03.76107,2026-03-12 06:40:03.76107
204,6266882481,uz,active,2026-03-12 06:43:45.963861,2026-03-12 06:43:45.963861
205,5217149534,uz,active,2026-03-12 06:45:53.448228,2026-03-12 06:45:53.448228
206,7107913866,uz,active,2026-03-12 06:48:16.363514,2026-03-12 06:48:16.363514
208,6184729736,uz,active,2026-03-12 06:51:39.702135,2026-03-12 06:51:39.702135
244,6597109618,uz,passive,2026-03-12 08:53:06.709667,2026-03-12 08:53:06.709667
210,7834529861,uz-Cyrl,active,2026-03-12 06:52:35.648093,2026-03-12 06:52:35.648093
211,8324211667,uz,active,2026-03-12 06:58:56.047904,2026-03-12 06:58:56.047904
269,6541267212,uz,passive,2026-03-12 12:40:26.082988,2026-03-12 12:40:26.082988
213,7230249085,uz,active,2026-03-12 07:03:19.328632,2026-03-12 07:03:19.328632
214,6945009899,uz,active,2026-03-12 07:11:51.211738,2026-03-12 07:11:51.211738
215,7335963243,uz-Cyrl,active,2026-03-12 07:20:21.803769,2026-03-12 07:20:21.803769
216,5279901254,uz,active,2026-03-12 07:27:23.976461,2026-03-12 07:27:23.976461
259,8779784281,ru,passive,2026-03-12 11:23:02.689166,2026-03-12 11:23:02.689166
218,8544372024,uz,active,2026-03-12 07:34:51.887874,2026-03-12 07:34:51.887874
219,7908713606,uz,active,2026-03-12 07:36:27.442473,2026-03-12 07:36:27.442473
220,1838281713,uz,active,2026-03-12 07:37:54.824818,2026-03-12 07:37:54.824818
221,5925504565,uz-Cyrl,active,2026-03-12 07:42:00.608713,2026-03-12 07:42:00.608713
222,8447875863,uz,active,2026-03-12 07:42:00.843636,2026-03-12 07:42:00.843636
223,748368673,uz,active,2026-03-12 07:42:30.966271,2026-03-12 07:42:30.966271
224,8167879712,uz-Cyrl,active,2026-03-12 07:43:07.795301,2026-03-12 07:43:07.795301
225,6961387932,uz-Cyrl,passive,2026-03-12 07:46:17.235217,2026-03-12 07:46:17.235217
299,6354100503,uz,passive,2026-03-12 18:07:29.956202,2026-03-12 18:07:29.956202
207,7290772599,uz,passive,2026-03-12 06:50:26.226892,2026-03-12 06:50:26.226892
228,5442084094,uz,active,2026-03-12 07:53:28.547771,2026-03-12 07:53:28.547771
229,8274201105,uz,active,2026-03-12 08:03:44.524217,2026-03-12 08:03:44.524217
230,6726290697,uz,active,2026-03-12 08:04:57.067711,2026-03-12 08:04:57.067711
231,8783473510,uz,active,2026-03-12 08:07:31.773897,2026-03-12 08:07:31.773897
232,8516183435,uz,active,2026-03-12 08:09:05.798553,2026-03-12 08:09:05.798553
246,8439264507,uz,passive,2026-03-12 09:00:04.915897,2026-03-12 09:00:04.915897
234,8670078341,uz,active,2026-03-12 08:14:57.624375,2026-03-12 08:14:57.624375
252,65735106,uz,active,2026-03-12 09:07:57.674508,2026-03-12 09:07:57.674508
227,6158326151,uz-Cyrl,passive,2026-03-12 07:51:59.227222,2026-03-12 07:51:59.227222
236,8187187169,uz,active,2026-03-12 08:22:42.394444,2026-03-12 08:22:42.394444
237,6648908608,uz-Cyrl,active,2026-03-12 08:23:51.8253,2026-03-12 08:23:51.8253
235,8430002273,uz-Cyrl,passive,2026-03-12 08:21:32.047907,2026-03-12 08:21:32.047907
264,8625638249,uz,passive,2026-03-12 12:14:59.701485,2026-03-12 12:14:59.701485
240,7723842307,uz,active,2026-03-12 08:41:17.69939,2026-03-12 08:41:17.69939
241,1072064505,uz,active,2026-03-12 08:42:16.325498,2026-03-12 08:42:16.325498
242,774020039,uz-Cyrl,active,2026-03-12 08:46:51.930148,2026-03-12 08:46:51.930148
253,7568378003,uz,active,2026-03-12 09:17:24.140243,2026-03-12 09:17:24.140243
245,2028170822,uz,active,2026-03-12 08:55:16.149801,2026-03-12 08:55:16.149801
243,5194165757,uz,passive,2026-03-12 08:52:02.227288,2026-03-12 08:52:02.227288
247,5823090078,uz,active,2026-03-12 09:01:01.660212,2026-03-12 09:01:01.660212
248,8348697615,uz,active,2026-03-12 09:01:09.710298,2026-03-12 09:01:09.710298
249,7719868066,uz,active,2026-03-12 09:02:44.727719,2026-03-12 09:02:44.727719
250,2103946196,uz,active,2026-03-12 09:04:55.785384,2026-03-12 09:04:55.785384
251,386131279,uz,active,2026-03-12 09:06:13.746037,2026-03-12 09:06:13.746037
238,7961941738,uz-Cyrl,passive,2026-03-12 08:29:21.162699,2026-03-12 08:29:21.162699
275,1417196175,uz-Cyrl,passive,2026-03-12 13:01:13.727637,2026-03-12 13:01:13.727637
254,8568484105,uz,passive,2026-03-12 09:50:29.721515,2026-03-12 09:50:29.721515
256,6899890831,uz,active,2026-03-12 11:01:47.075266,2026-03-12 11:01:47.075266
257,7328688899,uz,active,2026-03-12 11:12:15.906849,2026-03-12 11:12:15.906849
212,8350073794,uz,passive,2026-03-12 07:01:46.857081,2026-03-12 07:01:46.857081
272,1927976187,uz,active,2026-03-12 12:55:21.286493,2026-03-12 12:55:21.286493
260,7137610211,uz,active,2026-03-12 11:44:09.252096,2026-03-12 11:44:09.252096
261,1664503419,uz,active,2026-03-12 11:44:52.776976,2026-03-12 11:44:52.776976
263,8301350186,uz,active,2026-03-12 11:53:32.884329,2026-03-12 11:53:32.884329
289,8391941924,uz,passive,2026-03-12 15:54:02.469977,2026-03-12 15:54:02.469977
266,7995657624,uz,active,2026-03-12 12:16:54.54243,2026-03-12 12:16:54.54243
267,6156422741,uz-Cyrl,active,2026-03-12 12:19:53.18618,2026-03-12 12:19:53.18618
226,8049736765,uz,passive,2026-03-12 07:49:42.005805,2026-03-12 07:49:42.005805
262,1567489518,uz,passive,2026-03-12 11:44:58.656399,2026-03-12 11:44:58.656399
270,8503662176,uz,active,2026-03-12 12:51:15.510636,2026-03-12 12:51:15.510636
271,8367226431,uz-Cyrl,active,2026-03-12 12:53:39.522756,2026-03-12 12:53:39.522756
280,713542019,uz,passive,2026-03-12 14:00:31.585847,2026-03-12 14:00:31.585847
285,8334133034,uz,active,2026-03-12 14:58:52.550629,2026-03-12 14:58:52.550629
276,8140780888,uz,active,2026-03-12 13:06:12.491905,2026-03-12 13:06:12.491905
273,7850607697,uz,passive,2026-03-12 12:56:03.59734,2026-03-12 12:56:03.59734
277,8281935215,uz,active,2026-03-12 13:24:19.978165,2026-03-12 13:24:19.978165
217,6401791569,uz,passive,2026-03-12 07:32:33.901175,2026-03-12 07:32:33.901175
279,6355029088,uz,active,2026-03-12 13:49:31.064817,2026-03-12 13:49:31.064817
278,7777975600,uz-Cyrl,active,2026-03-12 13:44:10.25926,2026-03-12 13:44:10.25926
281,8576650493,uz,active,2026-03-12 14:22:01.188525,2026-03-12 14:22:01.188525
282,8400992094,uz-Cyrl,passive,2026-03-12 14:33:28.199403,2026-03-12 14:33:28.199403
283,6764746061,uz,active,2026-03-12 14:37:56.319616,2026-03-12 14:37:56.319616
284,7206026540,uz,active,2026-03-12 14:47:24.202793,2026-03-12 14:47:24.202793
286,7494557821,uz-Cyrl,active,2026-03-12 15:00:14.342687,2026-03-12 15:00:14.342687
287,2109786591,uz-Cyrl,active,2026-03-12 15:10:03.498445,2026-03-12 15:10:03.498445
288,6260148605,uz,active,2026-03-12 15:17:55.732816,2026-03-12 15:17:55.732816
268,8184003545,uz,passive,2026-03-12 12:25:49.69759,2026-03-12 12:25:49.69759
292,7989912403,uz,active,2026-03-12 16:50:27.755008,2026-03-12 16:50:27.755008
290,578851827,uz,passive,2026-03-12 15:54:31.754962,2026-03-12 15:54:31.754962
291,979044832,uz,active,2026-03-12 16:43:37.65116,2026-03-12 16:43:37.65116
293,7762565635,ru,active,2026-03-12 17:04:37.096771,2026-03-12 17:04:37.096771
294,7784559414,uz,active,2026-03-12 17:07:42.556516,2026-03-12 17:07:42.556516
295,7822758536,uz,active,2026-03-12 17:15:11.307785,2026-03-12 17:15:11.307785
296,496593846,uz-Cyrl,active,2026-03-12 17:19:01.261582,2026-03-12 17:19:01.261582
297,5329353780,uz-Cyrl,active,2026-03-12 17:38:45.830307,2026-03-12 17:38:45.830307
265,8296919291,uz-Cyrl,passive,2026-03-12 12:16:24.72526,2026-03-12 12:16:24.72526
298,1496344355,uz,active,2026-03-12 17:59:00.138795,2026-03-12 17:59:00.138795
239,7105200292,uz,passive,2026-03-12 08:39:39.420122,2026-03-12 08:39:39.420122
300,5662672143,uz,active,2026-03-12 18:09:01.079439,2026-03-12 18:09:01.079439
301,6328974890,uz,active,2026-03-12 18:33:11.568402,2026-03-12 18:33:11.568402
302,8463214081,uz,active,2026-03-12 18:33:59.426729,2026-03-12 18:33:59.426729
303,7353266500,uz,active,2026-03-12 18:42:29.760401,2026-03-12 18:42:29.760401
274,7302185905,uz-Cyrl,passive,2026-03-12 13:01:08.050676,2026-03-12 13:01:08.050676
305,8466782425,uz-Cyrl,active,2026-03-12 19:25:37.721995,2026-03-12 19:25:37.721995
306,898784461,uz,active,2026-03-12 19:47:30.624234,2026-03-12 19:47:30.624234
307,5785351442,uz-Cyrl,active,2026-03-12 20:13:09.136976,2026-03-12 20:13:09.136976
308,5981434389,uz,active,2026-03-12 20:21:54.616626,2026-03-12 20:21:54.616626
309,6988109166,uz,active,2026-03-12 20:57:58.843453,2026-03-12 20:57:58.843453
310,8163920437,uz,active,2026-03-12 21:19:01.104762,2026-03-12 21:19:01.104762
311,1784266157,uz-Cyrl,active,2026-03-12 22:33:23.995558,2026-03-12 22:33:23.995558
312,1035189062,uz,passive,2026-03-12 23:00:38.366915,2026-03-12 23:00:38.366915
313,8507889142,uz,active,2026-03-13 00:14:55.792687,2026-03-13 00:14:55.792687
314,1076564663,uz,active,2026-03-13 00:29:45.699038,2026-03-13 00:29:45.699038
315,801770741,uz-Cyrl,active,2026-03-13 00:37:46.412675,2026-03-13 00:37:46.412675
352,220182417,uz-Cyrl,active,2026-03-13 09:32:02.577417,2026-03-13 09:32:02.577417
317,7040785289,uz,active,2026-03-13 01:09:23.137534,2026-03-13 01:09:23.137534
316,100758783,uz,passive,2026-03-13 01:07:17.742713,2026-03-13 01:07:17.742713
382,7243100455,uz,passive,2026-03-14 03:33:05.477488,2026-03-14 03:33:05.477488
319,8144881424,uz-Cyrl,active,2026-03-13 02:09:14.863901,2026-03-13 02:09:14.863901
320,6903298096,uz,passive,2026-03-13 02:20:00.731911,2026-03-13 02:20:00.731911
321,8332930973,uz,active,2026-03-13 02:40:45.370436,2026-03-13 02:40:45.370436
322,1219245719,uz,passive,2026-03-13 02:59:42.490705,2026-03-13 02:59:42.490705
323,1997074971,uz,active,2026-03-13 03:04:37.012734,2026-03-13 03:04:37.012734
324,819933487,uz,active,2026-03-13 03:15:42.801296,2026-03-13 03:15:42.801296
378,7559160351,uz,passive,2026-03-14 01:33:17.777551,2026-03-14 01:33:17.777551
326,754125776,uz,active,2026-03-13 04:01:10.98471,2026-03-13 04:01:10.98471
327,1804871814,uz,active,2026-03-13 04:10:01.677744,2026-03-13 04:10:01.677744
328,8547943209,uz,active,2026-03-13 04:11:34.263709,2026-03-13 04:11:34.263709
329,6284036941,uz,active,2026-03-13 04:22:42.841049,2026-03-13 04:22:42.841049
330,1743057096,uz,active,2026-03-13 04:59:23.054109,2026-03-13 04:59:23.054109
331,7731693776,uz,active,2026-03-13 05:17:20.482639,2026-03-13 05:17:20.482639
332,6224727501,uz,active,2026-03-13 05:17:26.343253,2026-03-13 05:17:26.343253
333,7850794854,uz,active,2026-03-13 05:17:52.78243,2026-03-13 05:17:52.78243
334,5400186291,uz,active,2026-03-13 05:29:04.806452,2026-03-13 05:29:04.806452
336,1571809520,uz,active,2026-03-13 06:08:36.654454,2026-03-13 06:08:36.654454
325,790272444,uz,active,2026-03-13 03:41:14.47224,2026-03-13 03:41:14.47224
344,8701963013,uz,passive,2026-03-13 07:59:01.53249,2026-03-13 07:59:01.53249
339,1721235344,uz,active,2026-03-13 07:31:30.620978,2026-03-13 07:31:30.620978
340,8512835702,uz,active,2026-03-13 07:33:00.10006,2026-03-13 07:33:00.10006
341,8512192006,uz,active,2026-03-13 07:39:47.817101,2026-03-13 07:39:47.817101
342,6439973251,uz,active,2026-03-13 07:47:42.464718,2026-03-13 07:47:42.464718
343,7947360495,uz,active,2026-03-13 07:51:53.168926,2026-03-13 07:51:53.168926
364,8185364094,uz,passive,2026-03-13 12:33:22.895612,2026-03-13 12:33:22.895612
345,1022318284,uz,active,2026-03-13 08:10:28.988361,2026-03-13 08:10:28.988361
346,148590313,uz,active,2026-03-13 08:22:23.022229,2026-03-13 08:22:23.022229
347,8234644298,uz,active,2026-03-13 08:44:40.002626,2026-03-13 08:44:40.002626
348,299841678,uz-Cyrl,active,2026-03-13 08:48:15.473107,2026-03-13 08:48:15.473107
335,480129984,uz-Cyrl,passive,2026-03-13 05:29:11.43901,2026-03-13 05:29:11.43901
349,582879659,uz,active,2026-03-13 09:04:48.238103,2026-03-13 09:04:48.238103
350,7499879270,uz-Cyrl,active,2026-03-13 09:11:39.97713,2026-03-13 09:11:39.97713
351,7293854122,uz,active,2026-03-13 09:15:49.644922,2026-03-13 09:15:49.644922
354,7802481455,uz,active,2026-03-13 10:11:00.364067,2026-03-13 10:11:00.364067
401,5147901765,ru,passive,2026-03-14 23:11:34.444093,2026-03-14 23:11:34.444093
356,7624131571,uz,active,2026-03-13 10:20:42.455499,2026-03-13 10:20:42.455499
357,7903495563,uz,active,2026-03-13 10:32:56.084639,2026-03-13 10:32:56.084639
358,5739571313,uz,active,2026-03-13 10:55:34.843024,2026-03-13 10:55:34.843024
359,8079049147,uz,active,2026-03-13 11:07:42.887853,2026-03-13 11:07:42.887853
360,7634387129,uz,active,2026-03-13 11:32:18.979303,2026-03-13 11:32:18.979303
374,1814581508,uz-Cyrl,active,2026-03-13 17:38:48.027744,2026-03-13 17:38:48.027744
361,6478098366,uz,active,2026-03-13 11:51:27.150174,2026-03-13 11:51:27.150174
362,6170125116,uz,active,2026-03-13 12:08:21.46919,2026-03-13 12:08:21.46919
363,7133632592,uz,active,2026-03-13 12:33:08.756257,2026-03-13 12:33:08.756257
390,7353661513,ru,passive,2026-03-14 13:14:41.611459,2026-03-14 13:14:41.611459
365,6181317070,uz,active,2026-03-13 13:09:08.024318,2026-03-13 13:09:08.024318
366,7660198685,uz,active,2026-03-13 14:15:24.068994,2026-03-13 14:15:24.068994
367,6056701450,ru,active,2026-03-13 14:42:03.197891,2026-03-13 14:42:03.197891
395,7309951872,uz,active,2026-03-14 17:20:15.051007,2026-03-14 17:20:15.051007
369,8079403955,uz,passive,2026-03-13 15:38:15.861523,2026-03-13 15:38:15.861523
370,7557600977,uz-Cyrl,passive,2026-03-13 16:14:31.085149,2026-03-13 16:14:31.085149
371,5077629935,uz-Cyrl,active,2026-03-13 16:46:55.536116,2026-03-13 16:46:55.536116
372,8479521269,uz,active,2026-03-13 16:50:03.6174,2026-03-13 16:50:03.6174
373,7258734878,uz,active,2026-03-13 16:55:47.133036,2026-03-13 16:55:47.133036
375,5425480103,uz,active,2026-03-13 23:32:41.127221,2026-03-13 23:32:41.127221
376,7788974809,uz,active,2026-03-14 01:18:32.989859,2026-03-14 01:18:32.989859
377,8430462194,uz,active,2026-03-14 01:26:46.033338,2026-03-14 01:26:46.033338
304,6521786901,uz,passive,2026-03-12 19:12:05.295894,2026-03-12 19:12:05.295894
379,8131793799,uz,active,2026-03-14 02:36:48.645177,2026-03-14 02:36:48.645177
380,8078262215,uz,active,2026-03-14 03:27:06.873384,2026-03-14 03:27:06.873384
381,5869870999,uz-Cyrl,active,2026-03-14 03:30:42.806512,2026-03-14 03:30:42.806512
338,6037525183,uz,passive,2026-03-13 07:21:55.028442,2026-03-13 07:21:55.028442
383,6830968763,uz,active,2026-03-14 05:56:25.423344,2026-03-14 05:56:25.423344
384,7379285129,uz,passive,2026-03-14 06:05:34.779523,2026-03-14 06:05:34.779523
385,402656346,uz-Cyrl,passive,2026-03-14 07:19:33.314189,2026-03-14 07:19:33.314189
391,7149577675,uz-Cyrl,active,2026-03-14 15:00:32.849372,2026-03-14 15:00:32.849372
353,6633023483,uz,passive,2026-03-13 09:36:59.956201,2026-03-13 09:36:59.956201
387,967680819,uz,active,2026-03-14 11:36:07.222992,2026-03-14 11:36:07.222992
388,738839610,uz-Cyrl,active,2026-03-14 12:02:47.222022,2026-03-14 12:02:47.222022
389,6766184200,uz,active,2026-03-14 12:54:19.678854,2026-03-14 12:54:19.678854
393,6583691070,uz,active,2026-03-14 15:36:23.539047,2026-03-14 15:36:23.539047
392,6931585809,uz,passive,2026-03-14 15:08:47.824138,2026-03-14 15:08:47.824138
394,2084357918,uz,active,2026-03-14 15:48:23.783338,2026-03-14 15:48:23.783338
368,8562953737,uz-Cyrl,passive,2026-03-13 15:21:02.103572,2026-03-13 15:21:02.103572
396,8304815559,uz-Cyrl,active,2026-03-14 17:47:31.709665,2026-03-14 17:47:31.709665
397,8222806586,uz,active,2026-03-14 17:48:57.260702,2026-03-14 17:48:57.260702
398,5219449985,uz,active,2026-03-14 18:22:51.939663,2026-03-14 18:22:51.939663
399,7795015519,uz,active,2026-03-14 19:41:56.214711,2026-03-14 19:41:56.214711
400,6068954065,uz,active,2026-03-14 22:45:04.54835,2026-03-14 22:45:04.54835
337,907243220,uz,passive,2026-03-13 06:15:39.288363,2026-03-13 06:15:39.288363
402,8485839455,uz,active,2026-03-15 00:24:23.965719,2026-03-15 00:24:23.965719
403,7227266075,uz,active,2026-03-15 03:38:39.294129,2026-03-15 03:38:39.294129
318,8276472972,uz,passive,2026-03-13 01:44:30.845577,2026-03-13 01:44:30.845577
386,8444851155,uz-Cyrl,passive,2026-03-14 10:36:14.323483,2026-03-14 10:36:14.323483
355,5796755963,uz,passive,2026-03-13 10:11:09.093773,2026-03-13 10:11:09.093773
405,8400185630,uz,active,2026-03-15 07:52:23.018763,2026-03-15 07:52:23.018763
406,515762481,uz-Cyrl,active,2026-03-15 09:09:56.091881,2026-03-15 09:09:56.091881
407,7416335562,uz,active,2026-03-15 09:51:19.120145,2026-03-15 09:51:19.120145
408,7771399930,uz-Cyrl,active,2026-03-15 10:23:58.629737,2026-03-15 10:23:58.629737
409,1093854159,uz,active,2026-03-15 11:32:49.585583,2026-03-15 11:32:49.585583
410,7722984133,uz-Cyrl,active,2026-03-15 12:49:21.282176,2026-03-15 12:49:21.282176
411,6739692644,uz,active,2026-03-15 13:45:38.771236,2026-03-15 13:45:38.771236
412,7425715294,uz,active,2026-03-15 13:53:28.825525,2026-03-15 13:53:28.825525
413,6202704146,uz,active,2026-03-15 14:02:24.706717,2026-03-15 14:02:24.706717
414,6817130933,uz,active,2026-03-15 14:58:27.615815,2026-03-15 14:58:27.615815
415,7694613484,uz,active,2026-03-15 16:19:00.489221,2026-03-15 16:19:00.489221
416,7954799687,uz,active,2026-03-15 17:00:05.494722,2026-03-15 17:00:05.494722
487,8377480667,uz,passive,2026-03-19 18:24:06.869129,2026-03-19 18:24:06.869129
418,179592508,uz,active,2026-03-15 19:18:13.388073,2026-03-15 19:18:13.388073
419,6060014830,uz-Cyrl,active,2026-03-15 23:35:05.510443,2026-03-15 23:35:05.510443
420,7215958969,uz,passive,2026-03-16 01:07:56.755443,2026-03-16 01:07:56.755443
417,8121076315,uz-Cyrl,passive,2026-03-15 18:02:29.821576,2026-03-15 18:02:29.821576
423,7153238268,uz,active,2026-03-16 02:10:20.435136,2026-03-16 02:10:20.435136
492,5156369838,uz,passive,2026-03-19 18:41:35.438657,2026-03-19 18:41:35.438657
425,6795188075,uz,active,2026-03-16 02:49:55.282422,2026-03-16 02:49:55.282422
426,7529503220,uz,active,2026-03-16 03:19:03.340187,2026-03-16 03:19:03.340187
455,7992322646,uz,active,2026-03-17 11:12:04.511287,2026-03-17 11:12:04.511287
473,6160651557,uz,passive,2026-03-18 08:05:15.14198,2026-03-18 08:05:15.14198
429,1851244835,uz-Cyrl,active,2026-03-16 07:38:11.330243,2026-03-16 07:38:11.330243
430,8301596312,uz,active,2026-03-16 08:24:15.362821,2026-03-16 08:24:15.362821
431,8537347418,uz,active,2026-03-16 08:33:41.648368,2026-03-16 08:33:41.648368
432,695013506,uz,active,2026-03-16 09:24:55.695796,2026-03-16 09:24:55.695796
433,5900208338,uz,active,2026-03-16 10:08:46.44199,2026-03-16 10:08:46.44199
434,695118745,uz,active,2026-03-16 11:35:57.780865,2026-03-16 11:35:57.780865
437,1158738133,uz,passive,2026-03-16 15:49:20.404598,2026-03-16 15:49:20.404598
427,7317465937,uz,passive,2026-03-16 04:27:38.577329,2026-03-16 04:27:38.577329
436,7714674984,uz,active,2026-03-16 14:40:32.567637,2026-03-16 14:40:32.567637
479,7893570154,uz,passive,2026-03-18 16:28:28.181745,2026-03-18 16:28:28.181745
438,8350008350,uz,passive,2026-03-16 16:16:51.005019,2026-03-16 16:16:51.005019
421,6949961806,uz,passive,2026-03-16 01:08:42.97951,2026-03-16 01:08:42.97951
440,7454732565,uz,active,2026-03-16 17:13:49.702043,2026-03-16 17:13:49.702043
441,7975179431,uz,active,2026-03-16 20:56:21.931509,2026-03-16 20:56:21.931509
442,6227153479,uz,active,2026-03-17 00:17:45.096667,2026-03-17 00:17:45.096667
443,5404387577,uz-Cyrl,active,2026-03-17 01:00:22.633303,2026-03-17 01:00:22.633303
446,2079548940,uz,passive,2026-03-17 01:38:54.987252,2026-03-17 01:38:54.987252
445,7331310138,uz,active,2026-03-17 01:38:09.672031,2026-03-17 01:38:09.672031
447,5585842093,uz,active,2026-03-17 02:07:00.078259,2026-03-17 02:07:00.078259
449,5615099668,uz,active,2026-03-17 03:20:45.485259,2026-03-17 03:20:45.485259
450,7683613879,uz-Cyrl,active,2026-03-17 05:21:28.084283,2026-03-17 05:21:28.084283
451,8209861578,uz,active,2026-03-17 07:05:33.465453,2026-03-17 07:05:33.465453
452,8351833309,uz,active,2026-03-17 07:12:54.52561,2026-03-17 07:12:54.52561
453,8257410497,uz,active,2026-03-17 09:27:56.414882,2026-03-17 09:27:56.414882
454,2080733812,uz,active,2026-03-17 09:39:25.826385,2026-03-17 09:39:25.826385
456,1030747761,uz,active,2026-03-17 11:18:28.260371,2026-03-17 11:18:28.260371
457,7100667549,uz,active,2026-03-17 12:25:39.380595,2026-03-17 12:25:39.380595
491,7664550799,uz,passive,2026-03-19 18:41:12.033165,2026-03-19 18:41:12.033165
459,8667118353,uz,active,2026-03-17 13:47:29.766608,2026-03-17 13:47:29.766608
460,8215883471,uz-Cyrl,active,2026-03-17 13:50:11.814156,2026-03-17 13:50:11.814156
461,594015913,uz,active,2026-03-17 14:24:30.727187,2026-03-17 14:24:30.727187
462,8027113999,uz,passive,2026-03-17 16:47:33.980973,2026-03-17 16:47:33.980973
463,329086299,uz,active,2026-03-17 23:14:27.599329,2026-03-17 23:14:27.599329
464,1678307832,uz-Cyrl,active,2026-03-17 23:34:17.931001,2026-03-17 23:34:17.931001
480,6121799032,uz-Cyrl,passive,2026-03-18 17:31:17.71912,2026-03-18 17:31:17.71912
478,7861786821,uz,active,2026-03-18 15:02:55.549127,2026-03-18 15:02:55.549127
466,6078205261,uz,active,2026-03-18 00:50:45.646843,2026-03-18 00:50:45.646843
469,6917897728,uz,active,2026-03-18 05:55:34.629497,2026-03-18 05:55:34.629497
470,6814686280,uz,active,2026-03-18 06:20:38.331307,2026-03-18 06:20:38.331307
471,7072699729,uz,active,2026-03-18 07:49:24.204037,2026-03-18 07:49:24.204037
472,90122592,uz,active,2026-03-18 07:58:30.501214,2026-03-18 07:58:30.501214
468,1485403813,uz,passive,2026-03-18 05:33:38.331724,2026-03-18 05:33:38.331724
474,1027303834,uz,active,2026-03-18 10:08:42.299352,2026-03-18 10:08:42.299352
475,6016329961,uz-Cyrl,active,2026-03-18 10:20:57.40605,2026-03-18 10:20:57.40605
476,8320782337,uz,active,2026-03-18 12:16:31.462998,2026-03-18 12:16:31.462998
477,6214482568,uz,active,2026-03-18 13:11:59.284682,2026-03-18 13:11:59.284682
467,8165350382,uz,passive,2026-03-18 05:30:49.14375,2026-03-18 05:30:49.14375
500,8224314141,ru,passive,2026-03-19 19:31:12.825018,2026-03-19 19:31:12.825018
483,7943821874,uz,passive,2026-03-19 13:38:52.400293,2026-03-19 13:38:52.400293
448,7461856049,uz,passive,2026-03-17 03:02:54.88477,2026-03-17 03:02:54.88477
482,7830667324,uz,active,2026-03-19 04:44:19.364661,2026-03-19 04:44:19.364661
481,1286150600,uz,passive,2026-03-18 18:09:51.232098,2026-03-18 18:09:51.232098
458,8146536284,uz,passive,2026-03-17 12:45:00.919561,2026-03-17 12:45:00.919561
484,5693200686,uz,active,2026-03-19 15:45:27.99006,2026-03-19 15:45:27.99006
465,7471938651,uz,passive,2026-03-18 00:06:15.299839,2026-03-18 00:06:15.299839
486,1809376887,uz,active,2026-03-19 18:23:44.070067,2026-03-19 18:23:44.070067
489,5946342166,uz,active,2026-03-19 18:33:42.240064,2026-03-19 18:33:42.240064
488,6976739913,uz,active,2026-03-19 18:33:30.465775,2026-03-19 18:33:30.465775
490,5067980030,uz,active,2026-03-19 18:39:14.796203,2026-03-19 18:39:14.796203
444,7165777334,uz-Cyrl,passive,2026-03-17 01:06:34.860207,2026-03-17 01:06:34.860207
485,6832087182,uz,passive,2026-03-19 16:09:16.983147,2026-03-19 16:09:16.983147
493,8085560378,uz,active,2026-03-19 18:47:16.946666,2026-03-19 18:47:16.946666
494,7408961727,uz,active,2026-03-19 18:56:24.117163,2026-03-19 18:56:24.117163
495,7629172997,uz,active,2026-03-19 19:04:02.178832,2026-03-19 19:04:02.178832
435,7555140004,uz,passive,2026-03-16 12:32:34.695365,2026-03-16 12:32:34.695365
497,8657768555,uz,active,2026-03-19 19:08:31.897629,2026-03-19 19:08:31.897629
498,7120536881,uz,active,2026-03-19 19:12:36.530309,2026-03-19 19:12:36.530309
499,8350464537,uz,active,2026-03-19 19:26:46.919313,2026-03-19 19:26:46.919313
496,8343685747,uz,passive,2026-03-19 19:04:29.836661,2026-03-19 19:04:29.836661
501,8427888831,uz,active,2026-03-19 19:32:53.839871,2026-03-19 19:32:53.839871
502,8429160780,uz,active,2026-03-19 19:33:20.832334,2026-03-19 19:33:20.832334
503,6551714220,uz,active,2026-03-19 19:56:51.926148,2026-03-19 19:56:51.926148
504,8589622640,uz,active,2026-03-19 19:57:46.901749,2026-03-19 19:57:46.901749
505,7320388976,uz,active,2026-03-19 20:07:18.428511,2026-03-19 20:07:18.428511
424,387702822,uz,passive,2026-03-16 02:29:27.765208,2026-03-16 02:29:27.765208
506,6193841906,uz,active,2026-03-19 20:12:24.837451,2026-03-19 20:12:24.837451
507,7309981753,uz,active,2026-03-19 20:17:25.621781,2026-03-19 20:17:25.621781
540,8188645227,uz,passive,2026-03-20 09:48:55.011746,2026-03-20 09:48:55.011746
509,8506584814,uz,active,2026-03-19 21:21:13.408993,2026-03-19 21:21:13.408993
510,8122013902,uz,active,2026-03-19 21:31:29.275846,2026-03-19 21:31:29.275846
511,8453630855,uz,active,2026-03-19 21:59:21.101456,2026-03-19 21:59:21.101456
555,7011227001,uz,active,2026-03-20 15:46:48.742523,2026-03-20 15:46:48.742523
513,7368671993,uz,active,2026-03-20 00:31:07.022144,2026-03-20 00:31:07.022144
514,8557272754,uz,active,2026-03-20 00:44:43.958827,2026-03-20 00:44:43.958827
556,7182754151,uz,active,2026-03-20 15:53:39.768085,2026-03-20 15:53:39.768085
557,8518676489,uz,active,2026-03-20 16:33:09.215134,2026-03-20 16:33:09.215134
515,7510885964,uz-Cyrl,passive,2026-03-20 01:22:26.274778,2026-03-20 01:22:26.274778
516,1513647155,uz,active,2026-03-20 01:30:04.962374,2026-03-20 01:30:04.962374
517,6440300524,uz,active,2026-03-20 01:34:15.409703,2026-03-20 01:34:15.409703
518,1067292593,uz,active,2026-03-20 02:12:18.819219,2026-03-20 02:12:18.819219
519,7686436849,uz,active,2026-03-20 02:13:41.390339,2026-03-20 02:13:41.390339
521,7659630493,uz,active,2026-03-20 02:52:24.755353,2026-03-20 02:52:24.755353
522,7370928205,uz,active,2026-03-20 02:55:20.945157,2026-03-20 02:55:20.945157
523,7374639533,uz,active,2026-03-20 03:19:21.943967,2026-03-20 03:19:21.943967
524,7720666112,uz,active,2026-03-20 03:24:42.375633,2026-03-20 03:24:42.375633
525,7705712588,uz,active,2026-03-20 03:43:54.97896,2026-03-20 03:43:54.97896
526,7207387460,uz,active,2026-03-20 04:03:31.790235,2026-03-20 04:03:31.790235
536,5974685118,ru,passive,2026-03-20 07:31:22.499241,2026-03-20 07:31:22.499241
529,8657446992,uz,active,2026-03-20 04:49:54.253422,2026-03-20 04:49:54.253422
584,8543545482,uz,passive,2026-04-02 08:32:02.471197,2026-04-02 08:32:02.471197
527,7994803415,uz,active,2026-03-20 04:16:48.482164,2026-03-20 04:16:48.482164
531,7868848300,uz,active,2026-03-20 05:14:09.294449,2026-03-20 05:14:09.294449
532,7728791236,uz,active,2026-03-20 05:24:50.680842,2026-03-20 05:24:50.680842
533,2010399450,uz,active,2026-03-20 06:20:29.438649,2026-03-20 06:20:29.438649
534,8327474679,uz,active,2026-03-20 07:19:22.875927,2026-03-20 07:19:22.875927
577,8217919118,uz,passive,2026-03-30 15:10:14.805434,2026-03-30 15:10:14.805434
537,5850757876,uz,active,2026-03-20 08:40:23.983283,2026-03-20 08:40:23.983283
538,7659182143,uz,active,2026-03-20 08:42:40.646436,2026-03-20 08:42:40.646436
541,8488943057,uz,active,2026-03-20 10:26:56.855684,2026-03-20 10:26:56.855684
542,6627344597,uz,active,2026-03-20 10:31:08.141833,2026-03-20 10:31:08.141833
543,6284051041,uz,active,2026-03-20 11:00:02.139387,2026-03-20 11:00:02.139387
544,5013764160,ru,active,2026-03-20 11:05:08.363072,2026-03-20 11:05:08.363072
545,8083826425,uz,active,2026-03-20 11:16:20.179047,2026-03-20 11:16:20.179047
546,8280455542,uz,active,2026-03-20 11:20:34.206401,2026-03-20 11:20:34.206401
574,819594052,uz,active,2026-03-29 18:01:49.369749,2026-03-29 18:01:49.369749
548,8303879395,uz,active,2026-03-20 11:25:57.411804,2026-03-20 11:25:57.411804
549,7338247742,uz,active,2026-03-20 11:44:02.890158,2026-03-20 11:44:02.890158
551,7016856451,uz,active,2026-03-20 13:02:11.065961,2026-03-20 13:02:11.065961
552,6852971017,uz,active,2026-03-20 13:30:03.673173,2026-03-20 13:30:03.673173
558,7294408883,uz,active,2026-03-20 17:06:47.495855,2026-03-20 17:06:47.495855
553,783383348,uz,passive,2026-03-20 13:54:06.387503,2026-03-20 13:54:06.387503
512,7016488981,uz,passive,2026-03-19 22:22:29.306665,2026-03-19 22:22:29.306665
560,6979161818,uz-Cyrl,active,2026-03-20 17:48:55.767337,2026-03-20 17:48:55.767337
561,5773695569,uz,active,2026-03-20 18:10:58.912053,2026-03-20 18:10:58.912053
562,5470957399,uz,active,2026-03-21 14:38:44.967754,2026-03-21 14:38:44.967754
547,5336160059,uz,passive,2026-03-20 11:22:59.813001,2026-03-20 11:22:59.813001
530,8218669410,uz,passive,2026-03-20 04:56:06.541561,2026-03-20 04:56:06.541561
554,7951732614,uz,passive,2026-03-20 13:55:22.841292,2026-03-20 13:55:22.841292
535,5511843151,uz,passive,2026-03-20 07:27:39.892973,2026-03-20 07:27:39.892973
539,6411235380,uz,passive,2026-03-20 09:31:43.625249,2026-03-20 09:31:43.625249
575,8519625054,uz,active,2026-03-30 08:02:03.935588,2026-03-30 08:02:03.935588
563,6406633839,uz,passive,2026-03-24 16:46:15.34501,2026-03-24 16:46:15.34501
564,7878054627,uz-Cyrl,passive,2026-03-25 05:00:17.288748,2026-03-25 05:00:17.288748
565,8428991336,ru,active,2026-03-25 06:27:10.230146,2026-03-25 06:27:10.230146
566,8414409772,uz,active,2026-03-25 15:52:04.699825,2026-03-25 15:52:04.699825
576,8708947041,uz,active,2026-03-30 13:05:26.69238,2026-03-30 13:05:26.69238
567,5757781570,uz,passive,2026-03-27 09:29:59.845271,2026-03-27 09:29:59.845271
568,504716319,uz,active,2026-03-27 13:58:46.811624,2026-03-27 13:58:46.811624
520,8485803911,uz,passive,2026-03-20 02:41:07.027903,2026-03-20 02:41:07.027903
129,700094518,uz,passive,2026-03-10 18:50:48.44029,2026-03-10 18:50:48.44029
570,8316704412,uz,active,2026-03-28 17:56:43.300181,2026-03-28 17:56:43.300181
571,8364710322,uz-Cyrl,passive,2026-03-29 00:56:40.59051,2026-03-29 00:56:40.59051
572,7989606017,uz,active,2026-03-29 04:50:11.861324,2026-03-29 04:50:11.861324
508,7057988939,uz,passive,2026-03-19 21:02:30.36373,2026-03-19 21:02:30.36373
585,8081753485,uz,active,2026-04-02 08:36:31.011747,2026-04-02 08:36:31.011747
578,1593225743,uz-Cyrl,passive,2026-03-30 17:08:17.784655,2026-03-30 17:08:17.784655
579,6399710198,uz,active,2026-03-30 19:17:19.737729,2026-03-30 19:17:19.737729
573,5195261150,uz-Cyrl,passive,2026-03-29 08:55:04.74211,2026-03-29 08:55:04.74211
559,1056631874,uz,active,2026-03-20 17:14:32.547701,2026-03-20 17:14:32.547701
580,8620606647,uz,active,2026-03-31 12:56:25.808494,2026-03-31 12:56:25.808494
581,6368291805,uz,active,2026-03-31 17:05:15.534282,2026-03-31 17:05:15.534282
582,7361597294,uz,active,2026-03-31 17:24:58.208128,2026-03-31 17:24:58.208128
583,8366305413,uz,active,2026-03-31 21:51:04.271808,2026-03-31 21:51:04.271808
550,7968650279,uz,passive,2026-03-20 12:14:24.89273,2026-03-20 12:14:24.89273
586,5461312318,uz,active,2026-04-02 14:23:53.26142,2026-04-02 14:23:53.26142
587,6651242046,uz,active,2026-04-02 14:54:44.603727,2026-04-02 14:54:44.603727
588,7062191191,en,active,2026-04-03 11:52:50.944346,2026-04-03 11:52:50.944346
133,7325032208,uz-Cyrl,passive,2026-03-10 19:43:52.443617,2026-03-10 19:43:52.443617
154,6241959448,uz,passive,2026-03-11 05:05:09.723633,2026-03-11 05:05:09.723633
156,1087968824,uz,passive,2026-03-11 05:28:49.238586,2026-03-11 05:28:49.238586
139,7926490007,uz,passive,2026-03-11 00:33:44.005353,2026-03-11 00:33:44.005353
404,946518192,uz,passive,2026-03-15 06:04:15.838561,2026-03-15 06:04:15.838561
528,8320679384,uz,passive,2026-03-20 04:45:02.829842,2026-03-20 04:45:02.829842
135,8325834784,uz,passive,2026-03-10 22:14:53.244547,2026-03-10 22:14:53.244547
209,6955458790,uz,passive,2026-03-12 06:52:06.510065,2026-03-12 06:52:06.510065
258,993041685,ru,passive,2026-03-12 11:14:26.663824,2026-03-12 11:14:26.663824
589,7547827275,uz,active,2026-04-05 12:33:47.03671,2026-04-05 12:33:47.03671
127,7952689094,uz-Cyrl,passive,2026-03-10 18:39:07.242446,2026-03-10 18:39:07.242446
422,8047773928,uz,passive,2026-03-16 01:59:08.838918,2026-03-16 01:59:08.838918
428,1028730136,uz,passive,2026-03-16 04:51:07.244809,2026-03-16 04:51:07.244809
233,1765379960,uz,passive,2026-03-12 08:12:18.159342,2026-03-12 08:12:18.159342
439,8396629658,uz-Cyrl,passive,2026-03-16 17:09:18.266449,2026-03-16 17:09:18.266449
31,5185971126,uz,passive,2026-03-08 10:39:08.767232,2026-03-08 10:39:08.767232
60,5385538483,uz,passive,2026-03-10 08:37:51.912193,2026-03-10 08:37:51.912193
255,8071172264,uz,passive,2026-03-12 10:08:29.601506,2026-03-12 10:08:29.601506
569,7260208554,uz,passive,2026-03-28 16:25:40.196965,2026-03-28 16:25:40.196965
590,5906344488,uz,active,2026-04-06 03:52:08.251192,2026-04-06 03:52:08.251192
591,8710956481,uz,active,2026-04-06 04:01:07.886798,2026-04-06 04:01:07.886798
593,8685172711,uz,passive,2026-04-08 15:22:13.37631,2026-04-08 15:22:13.37631
597,2083385159,uz,active,2026-04-12 12:05:00.625977,2026-04-12 12:05:00.625977
598,7674269766,uz,passive,2026-04-12 12:29:33.653855,2026-04-12 12:29:33.653855
600,5875605133,uz,passive,2026-04-13 09:46:10.747289,2026-04-13 09:46:10.747289
601,632906120,uz,active,2026-04-14 06:35:42.263612,2026-04-14 06:35:42.263612
602,1978989945,uz,active,2026-04-14 11:31:32.157793,2026-04-14 11:31:32.157793
603,7336057990,uz,active,2026-04-15 01:19:35.658573,2026-04-15 01:19:35.658573
599,1462608977,uz,active,2026-04-13 03:18:14.082413,2026-04-13 03:18:14.082413
605,8649775251,uz,passive,2026-04-15 15:46:01.903004,2026-04-15 15:46:01.903004
606,7346049425,uz-Cyrl,passive,2026-04-16 17:32:13.022425,2026-04-16 17:32:13.022425
607,1047852699,en,passive,2026-04-17 10:02:24.352112,2026-04-17 10:02:24.352112
592,6696658408,uz,passive,2026-04-07 04:32:37.654374,2026-04-07 04:32:37.654374
608,5244013484,uz,active,2026-04-19 06:15:33.591824,2026-04-19 06:15:33.591824
609,8784885669,uz,passive,2026-04-19 14:09:51.676726,2026-04-19 14:09:51.676726
610,8313393131,uz,active,2026-04-23 17:06:00.619802,2026-04-23 17:06:00.619802
612,6887642085,uz,active,2026-04-24 15:18:34.134289,2026-04-24 15:18:34.134289
613,6085619305,uz,active,2026-04-24 17:12:42.053305,2026-04-24 17:12:42.053305
611,5363348991,uz,passive,2026-04-24 01:57:44.327268,2026-04-24 01:57:44.327268
615,7564944750,uz-Cyrl,active,2026-04-27 11:40:54.076498,2026-04-27 11:40:54.076498
616,1631657041,uz,active,2026-04-28 17:45:55.065286,2026-04-28 17:45:55.065286
617,6760157462,uz,passive,2026-04-29 03:37:48.041458,2026-04-29 03:37:48.041458
618,8558515553,ru,active,2026-04-29 16:46:33.619605,2026-04-29 16:46:33.619605
619,8129194103,uz,active,2026-04-30 04:02:34.521112,2026-04-30 04:02:34.521112
620,7053014223,uz,active,2026-05-01 04:09:45.136451,2026-05-01 04:09:45.136451
621,1342128073,uz,passive,2026-05-01 17:23:02.109737,2026-05-01 17:23:02.109737
595,6503213378,uz,passive,2026-04-12 11:16:06.6582,2026-04-12 11:16:06.6582
594,5549936662,ru,passive,2026-04-11 15:38:12.32779,2026-04-11 15:38:12.32779
614,7198050112,uz,passive,2026-04-25 14:38:37.597429,2026-04-25 14:38:37.597429
622,6829064843,uz-Cyrl,active,2026-05-02 15:12:42.812755,2026-05-02 15:12:42.812755
623,7945679657,uz,active,2026-05-03 06:36:25.560255,2026-05-03 06:36:25.560255
624,8634749134,uz,passive,2026-05-03 12:41:38.49979,2026-05-03 12:41:38.49979
625,6358652914,uz,passive,2026-05-04 09:10:27.680179,2026-05-04 09:10:27.680179
604,5887994715,uz,active,2026-04-15 03:35:59.893877,2026-04-15 03:35:59.893877
